exp_id,desc,master,steps,start_utc,end_utc,wall_seconds,return_code,max_rss_mb,mean_cpu_percent,spark_conf_json,env_json,step1_s,step2_s,step3_s,step4_s,step5_s,steps_sum_s
B0,"Baseline: local[*], AQE ON, shuffle=200, broadcast=10MB, Kryo",local[*],"1,2,3,4,5,6,7",2025-10-29T02:56:42.804735+00:00,2025-10-29T02:57:21.098195+00:00,37.721,0,3404.05,7.02,"{""spark.serializer"": ""org.apache.spark.serializer.KryoSerializer"", ""spark.sql.adaptive.enabled"": ""true"", ""spark.sql.adaptive.coalescePartitions.enabled"": ""true"", ""spark.sql.shuffle.partitions"": ""200"", ""spark.sql.autoBroadcastJoinThreshold"": ""10485760""}",{},,,,,,
B0,"Baseline: local[*], AQE ON, shuffle=200, broadcast=10MB, Kryo",local[*],"1,2,3,4,5,6,7",2025-10-29T02:57:21.099473+00:00,2025-10-29T02:57:59.629337+00:00,37.954,0,3434.67,7.15,"{""spark.serializer"": ""org.apache.spark.serializer.KryoSerializer"", ""spark.sql.adaptive.enabled"": ""true"", ""spark.sql.adaptive.coalescePartitions.enabled"": ""true"", ""spark.sql.shuffle.partitions"": ""200"", ""spark.sql.autoBroadcastJoinThreshold"": ""10485760""}",{},,,,,,
S1,Shuffle partitions ↓ : 32,local[*],"1,2,3,4,5,6,7",2025-10-29T02:57:59.630931+00:00,2025-10-29T02:58:37.403672+00:00,37.188,0,3436.21,7.15,"{""spark.serializer"": ""org.apache.spark.serializer.KryoSerializer"", ""spark.sql.adaptive.enabled"": ""true"", ""spark.sql.adaptive.coalescePartitions.enabled"": ""true"", ""spark.sql.shuffle.partitions"": ""32"", ""spark.sql.autoBroadcastJoinThreshold"": ""10485760""}",{},,,,,,
S1,Shuffle partitions ↓ : 32,local[*],"1,2,3,4,5,6,7",2025-10-29T02:58:37.404918+00:00,2025-10-29T02:59:17.272854+00:00,39.310,0,3371.36,6.79,"{""spark.serializer"": ""org.apache.spark.serializer.KryoSerializer"", ""spark.sql.adaptive.enabled"": ""true"", ""spark.sql.adaptive.coalescePartitions.enabled"": ""true"", ""spark.sql.shuffle.partitions"": ""32"", ""spark.sql.autoBroadcastJoinThreshold"": ""10485760""}",{},,,,,,
S2,Shuffle partitions ↑ : 800,local[*],"1,2,3,4,5,6,7",2025-10-29T02:59:17.273797+00:00,2025-10-29T02:59:57.484403+00:00,39.651,0,3435.37,6.90,"{""spark.serializer"": ""org.apache.spark.serializer.KryoSerializer"", ""spark.sql.adaptive.enabled"": ""true"", ""spark.sql.adaptive.coalescePartitions.enabled"": ""true"", ""spark.sql.shuffle.partitions"": ""800"", ""spark.sql.autoBroadcastJoinThreshold"": ""10485760""}",{},,,,,,
S2,Shuffle partitions ↑ : 800,local[*],"1,2,3,4,5,6,7",2025-10-29T02:59:57.485325+00:00,2025-10-29T03:00:40.248551+00:00,41.631,0,3454.57,6.64,"{""spark.serializer"": ""org.apache.spark.serializer.KryoSerializer"", ""spark.sql.adaptive.enabled"": ""true"", ""spark.sql.adaptive.coalescePartitions.enabled"": ""true"", ""spark.sql.shuffle.partitions"": ""800"", ""spark.sql.autoBroadcastJoinThreshold"": ""10485760""}",{},,,,,,
A1,AQE OFF,local[*],"1,2,3,4,5,6,7",2025-10-29T03:00:40.249723+00:00,2025-10-29T03:01:54.477410+00:00,73.090,0,4079.49,3.97,"{""spark.serializer"": ""org.apache.spark.serializer.KryoSerializer"", ""spark.sql.adaptive.enabled"": ""false"", ""spark.sql.adaptive.coalescePartitions.enabled"": ""true"", ""spark.sql.shuffle.partitions"": ""200"", ""spark.sql.autoBroadcastJoinThreshold"": ""10485760""}",{},,,,,,
A1,AQE OFF,local[*],"1,2,3,4,5,6,7",2025-10-29T03:01:54.478260+00:00,2025-10-29T03:03:04.786519+00:00,69.166,0,4071.37,4.18,"{""spark.serializer"": ""org.apache.spark.serializer.KryoSerializer"", ""spark.sql.adaptive.enabled"": ""false"", ""spark.sql.adaptive.coalescePartitions.enabled"": ""true"", ""spark.sql.shuffle.partitions"": ""200"", ""spark.sql.autoBroadcastJoinThreshold"": ""10485760""}",{},,,,,,
J1,Broadcast join OFF,local[*],"1,2,3,4,5,6,7",2025-10-29T03:03:04.788587+00:00,2025-10-29T03:03:54.762186+00:00,48.834,0,3232.84,5.67,"{""spark.serializer"": ""org.apache.spark.serializer.KryoSerializer"", ""spark.sql.adaptive.enabled"": ""true"", ""spark.sql.adaptive.coalescePartitions.enabled"": ""true"", ""spark.sql.shuffle.partitions"": ""200"", ""spark.sql.autoBroadcastJoinThreshold"": ""-1""}",{},,,,,,
J1,Broadcast join OFF,local[*],"1,2,3,4,5,6,7",2025-10-29T03:03:54.762945+00:00,2025-10-29T03:04:43.265763+00:00,47.932,0,3244.25,5.77,"{""spark.serializer"": ""org.apache.spark.serializer.KryoSerializer"", ""spark.sql.adaptive.enabled"": ""true"", ""spark.sql.adaptive.coalescePartitions.enabled"": ""true"", ""spark.sql.shuffle.partitions"": ""200"", ""spark.sql.autoBroadcastJoinThreshold"": ""-1""}",{},,,,,,
R1,Serializer=Java (vs Kryo),local[*],"1,2,3,4,5,6,7",2025-10-29T03:04:43.267097+00:00,2025-10-29T03:05:24.307947+00:00,40.467,0,3427.38,6.78,"{""spark.serializer"": ""org.apache.spark.serializer.JavaSerializer"", ""spark.sql.adaptive.enabled"": ""true"", ""spark.sql.adaptive.coalescePartitions.enabled"": ""true"", ""spark.sql.shuffle.partitions"": ""200"", ""spark.sql.autoBroadcastJoinThreshold"": ""10485760""}",{},,,,,,
R1,Serializer=Java (vs Kryo),local[*],"1,2,3,4,5,6,7",2025-10-29T03:05:24.309004+00:00,2025-10-29T03:06:06.368304+00:00,40.952,0,3409.86,6.78,"{""spark.serializer"": ""org.apache.spark.serializer.JavaSerializer"", ""spark.sql.adaptive.enabled"": ""true"", ""spark.sql.adaptive.coalescePartitions.enabled"": ""true"", ""spark.sql.shuffle.partitions"": ""200"", ""spark.sql.autoBroadcastJoinThreshold"": ""10485760""}",{},,,,,,
G1,Whole-stage codegen OFF,local[*],"1,2,3,4,5,6,7",2025-10-29T03:06:06.369352+00:00,2025-10-29T03:06:46.585240+00:00,39.671,0,3375.54,7.00,"{""spark.serializer"": ""org.apache.spark.serializer.KryoSerializer"", ""spark.sql.adaptive.enabled"": ""true"", ""spark.sql.adaptive.coalescePartitions.enabled"": ""true"", ""spark.sql.shuffle.partitions"": ""200"", ""spark.sql.autoBroadcastJoinThreshold"": ""10485760"", ""spark.sql.codegen.wholeStage"": ""false""}",{},,,,,,
G1,Whole-stage codegen OFF,local[*],"1,2,3,4,5,6,7",2025-10-29T03:06:46.586055+00:00,2025-10-29T03:07:26.248158+00:00,39.130,0,3366.59,6.97,"{""spark.serializer"": ""org.apache.spark.serializer.KryoSerializer"", ""spark.sql.adaptive.enabled"": ""true"", ""spark.sql.adaptive.coalescePartitions.enabled"": ""true"", ""spark.sql.shuffle.partitions"": ""200"", ""spark.sql.autoBroadcastJoinThreshold"": ""10485760"", ""spark.sql.codegen.wholeStage"": ""false""}",{},,,,,,
C1,No caching in analysis code,local[*],"1,2,3,4,5,6,7",2025-10-29T03:07:26.249780+00:00,2025-10-29T03:08:06.020878+00:00,39.197,0,3807.35,6.90,"{""spark.serializer"": ""org.apache.spark.serializer.KryoSerializer"", ""spark.sql.adaptive.enabled"": ""true"", ""spark.sql.adaptive.coalescePartitions.enabled"": ""true"", ""spark.sql.shuffle.partitions"": ""200"", ""spark.sql.autoBroadcastJoinThreshold"": ""10485760""}","{""MS4_DISABLE_CACHE"": ""1""}",,,,,,
C1,No caching in analysis code,local[*],"1,2,3,4,5,6,7",2025-10-29T03:08:06.021693+00:00,2025-10-29T03:08:46.943060+00:00,39.783,0,3323.54,6.87,"{""spark.serializer"": ""org.apache.spark.serializer.KryoSerializer"", ""spark.sql.adaptive.enabled"": ""true"", ""spark.sql.adaptive.coalescePartitions.enabled"": ""true"", ""spark.sql.shuffle.partitions"": ""200"", ""spark.sql.autoBroadcastJoinThreshold"": ""10485760""}","{""MS4_DISABLE_CACHE"": ""1""}",,,,,,
B0,"Baseline: local[*], AQE ON, shuffle=200, broadcast=10MB, Kryo",local[*],"1,2,3,4,5",2025-10-30T00:26:55.963790+00:00,2025-10-30T00:27:17.539748+00:00,21.576,0,1792.32,12.04,"{""spark.serializer"": ""org.apache.spark.serializer.KryoSerializer"", ""spark.sql.adaptive.enabled"": ""true"", ""spark.sql.adaptive.coalescePartitions.enabled"": ""true"", ""spark.sql.shuffle.partitions"": ""200"", ""spark.sql.autoBroadcastJoinThreshold"": ""10485760""}",{},1.692,5.107,3.101,2.361,3.363,15.625
S1,Shuffle partitions ↓ : 32,local[*],"1,2,3,4,5",2025-10-30T00:27:17.541317+00:00,2025-10-30T00:27:37.227220+00:00,18.859,0,1190.25,13.62,"{""spark.serializer"": ""org.apache.spark.serializer.KryoSerializer"", ""spark.sql.adaptive.enabled"": ""true"", ""spark.sql.adaptive.coalescePartitions.enabled"": ""true"", ""spark.sql.shuffle.partitions"": ""32"", ""spark.sql.autoBroadcastJoinThreshold"": ""10485760""}",{},1.699,5.012,3.098,2.343,2.087,14.239
S2,Shuffle partitions ↑ : 800,local[*],"1,2,3,4,5",2025-10-30T00:27:37.230614+00:00,2025-10-30T00:27:56.561065+00:00,19.330,0,1548.68,12.89,"{""spark.serializer"": ""org.apache.spark.serializer.KryoSerializer"", ""spark.sql.adaptive.enabled"": ""true"", ""spark.sql.adaptive.coalescePartitions.enabled"": ""true"", ""spark.sql.shuffle.partitions"": ""800"", ""spark.sql.autoBroadcastJoinThreshold"": ""10485760""}",{},1.689,5.092,3.100,2.335,2.695,14.911
A1,AQE OFF,local[*],"1,2,3,4,5",2025-10-30T00:27:56.564196+00:00,2025-10-30T00:28:38.592655+00:00,40.395,0,1975.88,6.19,"{""spark.serializer"": ""org.apache.spark.serializer.KryoSerializer"", ""spark.sql.adaptive.enabled"": ""false"", ""spark.sql.adaptive.coalescePartitions.enabled"": ""true"", ""spark.sql.shuffle.partitions"": ""200"", ""spark.sql.autoBroadcastJoinThreshold"": ""10485760""}",{},2.470,10.522,4.333,3.448,14.276,35.049
J1,Broadcast join OFF,local[*],"1,2,3,4,5",2025-10-30T00:28:38.595538+00:00,2025-10-30T00:29:01.973453+00:00,23.378,0,1730.96,10.82,"{""spark.serializer"": ""org.apache.spark.serializer.KryoSerializer"", ""spark.sql.adaptive.enabled"": ""true"", ""spark.sql.adaptive.coalescePartitions.enabled"": ""true"", ""spark.sql.shuffle.partitions"": ""200"", ""spark.sql.autoBroadcastJoinThreshold"": ""-1""}",{},1.828,5.409,4.587,3.440,3.287,18.551
R1,Serializer=Java (vs Kryo),local[*],"1,2,3,4,5",2025-10-30T00:29:01.976617+00:00,2025-10-30T00:29:22.754851+00:00,19.953,0,1762.75,13.04,"{""spark.serializer"": ""org.apache.spark.serializer.JavaSerializer"", ""spark.sql.adaptive.enabled"": ""true"", ""spark.sql.adaptive.coalescePartitions.enabled"": ""true"", ""spark.sql.shuffle.partitions"": ""200"", ""spark.sql.autoBroadcastJoinThreshold"": ""10485760""}",{},1.721,5.129,3.123,2.452,2.931,15.356
G1,Whole-stage codegen OFF,local[*],"1,2,3,4,5",2025-10-30T00:29:22.756607+00:00,2025-10-30T00:29:42.970941+00:00,19.362,0,1767.35,12.99,"{""spark.serializer"": ""org.apache.spark.serializer.KryoSerializer"", ""spark.sql.adaptive.enabled"": ""true"", ""spark.sql.adaptive.coalescePartitions.enabled"": ""true"", ""spark.sql.shuffle.partitions"": ""200"", ""spark.sql.autoBroadcastJoinThreshold"": ""10485760"", ""spark.sql.codegen.wholeStage"": ""false""}",{},1.434,4.934,3.093,2.397,2.853,14.713
C1,No caching in analysis code,local[*],"1,2,3,4,5",2025-10-30T00:29:42.971890+00:00,2025-10-30T00:30:03.859711+00:00,20.888,0,1767.25,12.37,"{""spark.serializer"": ""org.apache.spark.serializer.KryoSerializer"", ""spark.sql.adaptive.enabled"": ""true"", ""spark.sql.adaptive.coalescePartitions.enabled"": ""true"", ""spark.sql.shuffle.partitions"": ""200"", ""spark.sql.autoBroadcastJoinThreshold"": ""10485760""}","{""MS4_DISABLE_CACHE"": ""1""}",2.095,5.576,3.309,2.646,2.902,16.527
B0,"Baseline: local[*], AQE ON, shuffle=200, broadcast=10MB, Kryo",local[*],"1,2,3,4,5",2025-10-30T00:31:50.698892+00:00,2025-10-30T00:32:10.070666+00:00,19.372,0,1772.13,12.98,"{""spark.serializer"": ""org.apache.spark.serializer.KryoSerializer"", ""spark.sql.adaptive.enabled"": ""true"", ""spark.sql.adaptive.coalescePartitions.enabled"": ""true"", ""spark.sql.shuffle.partitions"": ""200"", ""spark.sql.autoBroadcastJoinThreshold"": ""10485760""}",{},1.653,4.962,3.038,2.304,3.049,15.005
S1,Shuffle partitions ↓ : 32,local[*],"1,2,3,4,5",2025-10-30T00:32:10.072969+00:00,2025-10-30T00:32:29.750812+00:00,18.884,0,1204.00,13.83,"{""spark.serializer"": ""org.apache.spark.serializer.KryoSerializer"", ""spark.sql.adaptive.enabled"": ""true"", ""spark.sql.adaptive.coalescePartitions.enabled"": ""true"", ""spark.sql.shuffle.partitions"": ""32"", ""spark.sql.autoBroadcastJoinThreshold"": ""10485760""}",{},1.743,5.026,3.203,2.398,2.186,14.556
S2,Shuffle partitions ↑ : 800,local[*],"1,2,3,4,5",2025-10-30T00:32:29.751501+00:00,2025-10-30T00:32:49.072470+00:00,19.321,0,1542.56,12.84,"{""spark.serializer"": ""org.apache.spark.serializer.KryoSerializer"", ""spark.sql.adaptive.enabled"": ""true"", ""spark.sql.adaptive.coalescePartitions.enabled"": ""true"", ""spark.sql.shuffle.partitions"": ""800"", ""spark.sql.autoBroadcastJoinThreshold"": ""10485760""}",{},1.746,4.968,3.019,2.357,2.681,14.771
A1,AQE OFF,local[*],"1,2,3,4,5",2025-10-30T00:32:49.073116+00:00,2025-10-30T00:33:29.070720+00:00,38.360,0,1918.94,6.64,"{""spark.serializer"": ""org.apache.spark.serializer.KryoSerializer"", ""spark.sql.adaptive.enabled"": ""false"", ""spark.sql.adaptive.coalescePartitions.enabled"": ""true"", ""spark.sql.shuffle.partitions"": ""200"", ""spark.sql.autoBroadcastJoinThreshold"": ""10485760""}",{},2.488,9.842,4.019,3.250,13.415,33.013
J1,Broadcast join OFF,local[*],"1,2,3,4,5",2025-10-30T00:33:29.071476+00:00,2025-10-30T00:33:50.959442+00:00,21.888,0,1751.68,11.80,"{""spark.serializer"": ""org.apache.spark.serializer.KryoSerializer"", ""spark.sql.adaptive.enabled"": ""true"", ""spark.sql.adaptive.coalescePartitions.enabled"": ""true"", ""spark.sql.shuffle.partitions"": ""200"", ""spark.sql.autoBroadcastJoinThreshold"": ""-1""}",{},1.660,5.022,4.418,3.387,2.968,17.455
R1,Serializer=Java (vs Kryo),local[*],"1,2,3,4,5",2025-10-30T00:33:50.960555+00:00,2025-10-30T00:34:11.594511+00:00,19.829,0,1755.98,12.99,"{""spark.serializer"": ""org.apache.spark.serializer.JavaSerializer"", ""spark.sql.adaptive.enabled"": ""true"", ""spark.sql.adaptive.coalescePartitions.enabled"": ""true"", ""spark.sql.shuffle.partitions"": ""200"", ""spark.sql.autoBroadcastJoinThreshold"": ""10485760""}",{},1.660,4.925,3.130,2.508,3.125,15.348
G1,Whole-stage codegen OFF,local[*],"1,2,3,4,5",2025-10-30T00:34:11.595124+00:00,2025-10-30T00:34:30.476368+00:00,18.881,0,1736.68,13.67,"{""spark.serializer"": ""org.apache.spark.serializer.KryoSerializer"", ""spark.sql.adaptive.enabled"": ""true"", ""spark.sql.adaptive.coalescePartitions.enabled"": ""true"", ""spark.sql.shuffle.partitions"": ""200"", ""spark.sql.autoBroadcastJoinThreshold"": ""10485760"", ""spark.sql.codegen.wholeStage"": ""false""}",{},1.496,4.609,2.984,2.286,2.695,14.069
C1,No caching in analysis code,local[*],"1,2,3,4,5",2025-10-30T00:34:30.477006+00:00,2025-10-30T00:34:52.681217+00:00,21.375,0,1702.16,11.80,"{""spark.serializer"": ""org.apache.spark.serializer.KryoSerializer"", ""spark.sql.adaptive.enabled"": ""true"", ""spark.sql.adaptive.coalescePartitions.enabled"": ""true"", ""spark.sql.shuffle.partitions"": ""200"", ""spark.sql.autoBroadcastJoinThreshold"": ""10485760""}","{""MS4_DISABLE_CACHE"": ""1""}",2.058,5.637,3.513,2.609,2.926,16.741
X5,Scale inputs ×5 (replicate symbols),local[*],"1,2,3,4,5",2025-10-30T00:34:52.684778+00:00,2025-10-30T00:35:13.933401+00:00,20.446,0,1769.08,12.61,"{""spark.serializer"": ""org.apache.spark.serializer.KryoSerializer"", ""spark.sql.adaptive.enabled"": ""true"", ""spark.sql.adaptive.coalescePartitions.enabled"": ""true"", ""spark.sql.shuffle.partitions"": ""200"", ""spark.sql.autoBroadcastJoinThreshold"": ""10485760""}",{},1.819,5.386,3.195,2.505,2.889,15.795
X10,Scale inputs ×10 (replicate symbols),local[*],"1,2,3,4,5",2025-10-30T00:35:13.934232+00:00,2025-10-30T00:35:33.773282+00:00,19.839,0,1714.84,12.94,"{""spark.serializer"": ""org.apache.spark.serializer.KryoSerializer"", ""spark.sql.adaptive.enabled"": ""true"", ""spark.sql.adaptive.coalescePartitions.enabled"": ""true"", ""spark.sql.shuffle.partitions"": ""200"", ""spark.sql.autoBroadcastJoinThreshold"": ""10485760""}",{},1.745,5.073,3.146,2.411,2.975,15.350
B0,"Baseline: local[*], AQE ON, shuffle=200, broadcast=10MB, Kryo",local[*],"1,2,3,4,5,6,7",2025-10-30T01:47:56.228923+00:00,2025-10-30T01:48:36.105284+00:00,39.399,0,3808.24,6.92,"{""spark.serializer"": ""org.apache.spark.serializer.KryoSerializer"", ""spark.sql.adaptive.enabled"": ""true"", ""spark.sql.adaptive.coalescePartitions.enabled"": ""true"", ""spark.sql.shuffle.partitions"": ""200"", ""spark.sql.autoBroadcastJoinThreshold"": ""10485760""}",{},1.770,5.087,3.147,2.524,3.094,15.622
S1,Shuffle partitions ↓ : 32,local[*],"1,2,3,4,5,6,7",2025-10-30T01:48:36.106513+00:00,2025-10-30T01:49:15.206793+00:00,38.550,0,3373.08,7.05,"{""spark.serializer"": ""org.apache.spark.serializer.KryoSerializer"", ""spark.sql.adaptive.enabled"": ""true"", ""spark.sql.adaptive.coalescePartitions.enabled"": ""true"", ""spark.sql.shuffle.partitions"": ""32"", ""spark.sql.autoBroadcastJoinThreshold"": ""10485760""}",{},1.689,5.064,3.120,2.472,2.200,14.544
S2,Shuffle partitions ↑ : 800,local[*],"1,2,3,4,5,6,7",2025-10-30T01:49:15.210789+00:00,2025-10-30T01:49:55.555439+00:00,39.764,0,3391.48,6.97,"{""spark.serializer"": ""org.apache.spark.serializer.KryoSerializer"", ""spark.sql.adaptive.enabled"": ""true"", ""spark.sql.adaptive.coalescePartitions.enabled"": ""true"", ""spark.sql.shuffle.partitions"": ""800"", ""spark.sql.autoBroadcastJoinThreshold"": ""10485760""}",{},1.882,5.526,3.382,2.514,2.707,16.011
A1,AQE OFF,local[*],"1,2,3,4,5,6,7",2025-10-30T01:49:55.557195+00:00,2025-10-30T01:50:59.773003+00:00,63.000,0,4142.25,4.44,"{""spark.serializer"": ""org.apache.spark.serializer.KryoSerializer"", ""spark.sql.adaptive.enabled"": ""false"", ""spark.sql.adaptive.coalescePartitions.enabled"": ""true"", ""spark.sql.shuffle.partitions"": ""200"", ""spark.sql.autoBroadcastJoinThreshold"": ""10485760""}",{},2.620,9.877,4.010,3.508,14.348,34.363
J1,Broadcast join OFF,local[*],"1,2,3,4,5,6,7",2025-10-30T01:50:59.774857+00:00,2025-10-30T01:51:46.133680+00:00,45.184,0,3183.19,5.93,"{""spark.serializer"": ""org.apache.spark.serializer.KryoSerializer"", ""spark.sql.adaptive.enabled"": ""true"", ""spark.sql.adaptive.coalescePartitions.enabled"": ""true"", ""spark.sql.shuffle.partitions"": ""200"", ""spark.sql.autoBroadcastJoinThreshold"": ""-1""}",{},1.719,5.177,4.611,3.346,3.246,18.098
R1,Serializer=Java (vs Kryo),local[*],"1,2,3,4,5,6,7",2025-10-30T01:51:46.135683+00:00,2025-10-30T01:52:25.048688+00:00,38.362,0,3359.11,7.02,"{""spark.serializer"": ""org.apache.spark.serializer.JavaSerializer"", ""spark.sql.adaptive.enabled"": ""true"", ""spark.sql.adaptive.coalescePartitions.enabled"": ""true"", ""spark.sql.shuffle.partitions"": ""200"", ""spark.sql.autoBroadcastJoinThreshold"": ""10485760""}",{},1.669,5.045,3.158,2.643,3.090,15.606
G1,Whole-stage codegen OFF,local[*],"1,2,3,4,5,6,7",2025-10-30T01:52:25.050372+00:00,2025-10-30T01:53:02.540246+00:00,36.934,0,3318.85,7.37,"{""spark.serializer"": ""org.apache.spark.serializer.KryoSerializer"", ""spark.sql.adaptive.enabled"": ""true"", ""spark.sql.adaptive.coalescePartitions.enabled"": ""true"", ""spark.sql.shuffle.partitions"": ""200"", ""spark.sql.autoBroadcastJoinThreshold"": ""10485760"", ""spark.sql.codegen.wholeStage"": ""false""}",{},1.522,4.679,3.120,2.354,2.579,14.254
C1,No caching in analysis code,local[*],"1,2,3,4,5,6,7",2025-10-30T01:53:02.543430+00:00,2025-10-30T01:53:41.632830+00:00,38.446,0,3386.06,7.02,"{""spark.serializer"": ""org.apache.spark.serializer.KryoSerializer"", ""spark.sql.adaptive.enabled"": ""true"", ""spark.sql.adaptive.coalescePartitions.enabled"": ""true"", ""spark.sql.shuffle.partitions"": ""200"", ""spark.sql.autoBroadcastJoinThreshold"": ""10485760""}","{""MS4_DISABLE_CACHE"": ""1""}",1.889,5.328,3.323,2.465,2.682,15.687
B0,"Baseline: local[*], AQE ON, shuffle=200, broadcast=10MB, Kryo",local[*],"1,2,3,4,5,6,7",2025-10-30T02:38:43.010427+00:00,2025-10-30T02:39:24.198763+00:00,40.327,0,3330.89,6.70,"{""spark.serializer"": ""org.apache.spark.serializer.KryoSerializer"", ""spark.sql.adaptive.enabled"": ""true"", ""spark.sql.adaptive.coalescePartitions.enabled"": ""true"", ""spark.sql.shuffle.partitions"": ""200"", ""spark.sql.autoBroadcastJoinThreshold"": ""10485760""}",{},1.688,5.019,3.116,2.412,3.055,6.382,11.307,32.979
B0,"Baseline: local[*], AQE ON, shuffle=200, broadcast=10MB, Kryo",local[*],"1,2,3,4,5,6,7",2025-10-30T02:39:35.528341+00:00,2025-10-30T02:40:14.075199+00:00,37.669,0,3743.48,7.18,"{""spark.serializer"": ""org.apache.spark.serializer.KryoSerializer"", ""spark.sql.adaptive.enabled"": ""true"", ""spark.sql.adaptive.coalescePartitions.enabled"": ""true"", ""spark.sql.shuffle.partitions"": ""200"", ""spark.sql.autoBroadcastJoinThreshold"": ""10485760""}",{},3.375,10.106,6.197,4.746,5.858,12.725,22.634,65.640
S1,Shuffle partitions ↓ : 32,local[*],"1,2,3,4,5,6,7",2025-10-30T02:40:14.076531+00:00,2025-10-30T02:40:51.956241+00:00,37.000,0,3420.12,7.37,"{""spark.serializer"": ""org.apache.spark.serializer.KryoSerializer"", ""spark.sql.adaptive.enabled"": ""true"", ""spark.sql.adaptive.coalescePartitions.enabled"": ""true"", ""spark.sql.shuffle.partitions"": ""32"", ""spark.sql.autoBroadcastJoinThreshold"": ""10485760""}",{},1.657,4.890,3.004,2.329,2.107,6.503,11.455,31.945
S2,Shuffle partitions ↑ : 800,local[*],"1,2,3,4,5,6,7",2025-10-30T02:40:51.959800+00:00,2025-10-30T02:41:31.328745+00:00,38.497,0,3425.05,7.05,"{""spark.serializer"": ""org.apache.spark.serializer.KryoSerializer"", ""spark.sql.adaptive.enabled"": ""true"", ""spark.sql.adaptive.coalescePartitions.enabled"": ""true"", ""spark.sql.shuffle.partitions"": ""800"", ""spark.sql.autoBroadcastJoinThreshold"": ""10485760""}",{},1.924,5.106,3.171,2.351,2.838,6.401,11.575,33.367
A1,AQE OFF,local[*],"1,2,3,4,5,6,7",2025-10-30T02:41:31.330998+00:00,2025-10-30T02:42:36.932306+00:00,63.858,0,4032.93,4.37,"{""spark.serializer"": ""org.apache.spark.serializer.KryoSerializer"", ""spark.sql.adaptive.enabled"": ""false"", ""spark.sql.adaptive.coalescePartitions.enabled"": ""true"", ""spark.sql.shuffle.partitions"": ""200"", ""spark.sql.autoBroadcastJoinThreshold"": ""10485760""}",{},2.406,10.828,4.136,3.321,13.943,7.397,15.821,57.853
J1,Broadcast join OFF,local[*],"1,2,3,4,5,6,7",2025-10-30T02:42:36.935385+00:00,2025-10-30T02:43:27.177818+00:00,48.463,0,3246.38,5.67,"{""spark.serializer"": ""org.apache.spark.serializer.KryoSerializer"", ""spark.sql.adaptive.enabled"": ""true"", ""spark.sql.adaptive.coalescePartitions.enabled"": ""true"", ""spark.sql.shuffle.partitions"": ""200"", ""spark.sql.autoBroadcastJoinThreshold"": ""-1""}",{},1.738,5.418,5.875,3.944,3.695,7.897,14.289,42.855
R1,Serializer=Java (vs Kryo),local[*],"1,2,3,4,5,6,7",2025-10-30T02:43:27.180119+00:00,2025-10-30T02:44:07.668894+00:00,39.617,0,3435.62,6.90,"{""spark.serializer"": ""org.apache.spark.serializer.JavaSerializer"", ""spark.sql.adaptive.enabled"": ""true"", ""spark.sql.adaptive.coalescePartitions.enabled"": ""true"", ""spark.sql.shuffle.partitions"": ""200"", ""spark.sql.autoBroadcastJoinThreshold"": ""10485760""}",{},2.203,5.508,3.187,2.354,3.174,6.534,11.470,34.431
G1,Whole-stage codegen OFF,local[*],"1,2,3,4,5,6,7",2025-10-30T02:44:07.672019+00:00,2025-10-30T02:44:46.520763+00:00,37.987,0,3825.57,7.28,"{""spark.serializer"": ""org.apache.spark.serializer.KryoSerializer"", ""spark.sql.adaptive.enabled"": ""true"", ""spark.sql.adaptive.coalescePartitions.enabled"": ""true"", ""spark.sql.shuffle.partitions"": ""200"", ""spark.sql.autoBroadcastJoinThreshold"": ""10485760"", ""spark.sql.codegen.wholeStage"": ""false""}",{},1.540,4.765,3.253,2.497,3.299,6.507,10.910,32.772
C1,No caching in analysis code,local[*],"1,2,3,4,5,6,7",2025-10-30T02:44:46.524225+00:00,2025-10-30T02:45:26.740569+00:00,39.369,0,3444.20,6.92,"{""spark.serializer"": ""org.apache.spark.serializer.KryoSerializer"", ""spark.sql.adaptive.enabled"": ""true"", ""spark.sql.adaptive.coalescePartitions.enabled"": ""true"", ""spark.sql.shuffle.partitions"": ""200"", ""spark.sql.autoBroadcastJoinThreshold"": ""10485760""}","{""MS4_DISABLE_CACHE"": ""1""}",1.989,5.454,3.415,2.663,2.790,6.580,11.419,34.309
B0,"Baseline: local[*], AQE ON, shuffle=200, broadcast=10MB, Kryo",local[*],"1,2,3,4,5,6,7",2025-10-30T03:02:48.503299+00:00,2025-10-30T03:03:26.996442+00:00,37.809,0,3385.12,7.13,"{""spark.serializer"": ""org.apache.spark.serializer.KryoSerializer"", ""spark.sql.adaptive.enabled"": ""true"", ""spark.sql.adaptive.coalescePartitions.enabled"": ""true"", ""spark.sql.shuffle.partitions"": ""200"", ""spark.sql.autoBroadcastJoinThreshold"": ""10485760""}",{},5.178,15.282,9.506,7.074,8.866,19.008,33.448,98.361
S1,Shuffle partitions ↓ : 32,local[*],"1,2,3,4,5,6,7",2025-10-30T03:03:27.000802+00:00,2025-10-30T03:04:04.834021+00:00,37.165,0,3434.31,7.18,"{""spark.serializer"": ""org.apache.spark.serializer.KryoSerializer"", ""spark.sql.adaptive.enabled"": ""true"", ""spark.sql.adaptive.coalescePartitions.enabled"": ""true"", ""spark.sql.shuffle.partitions"": ""32"", ""spark.sql.autoBroadcastJoinThreshold"": ""10485760""}",{},3.379,10.017,6.305,4.709,4.239,12.677,22.687,64.013
S2,Shuffle partitions ↑ : 800,local[*],"1,2,3,4,5,6,7",2025-10-30T03:04:04.838234+00:00,2025-10-30T03:04:43.569360+00:00,38.079,0,3450.59,7.12,"{""spark.serializer"": ""org.apache.spark.serializer.KryoSerializer"", ""spark.sql.adaptive.enabled"": ""true"", ""spark.sql.adaptive.coalescePartitions.enabled"": ""true"", ""spark.sql.shuffle.partitions"": ""800"", ""spark.sql.autoBroadcastJoinThreshold"": ""10485760""}",{},3.635,10.380,6.281,4.681,5.258,12.648,23.324,66.207
A1,AQE OFF,local[*],"1,2,3,4,5,6,7",2025-10-30T03:04:43.571635+00:00,2025-10-30T03:05:47.572215+00:00,62.728,0,4132.59,4.38,"{""spark.serializer"": ""org.apache.spark.serializer.KryoSerializer"", ""spark.sql.adaptive.enabled"": ""false"", ""spark.sql.adaptive.coalescePartitions.enabled"": ""true"", ""spark.sql.shuffle.partitions"": ""200"", ""spark.sql.autoBroadcastJoinThreshold"": ""10485760""}",{},4.909,20.041,8.593,7.070,27.719,14.540,31.574,114.447
J1,Broadcast join OFF,local[*],"1,2,3,4,5,6,7",2025-10-30T03:05:47.574625+00:00,2025-10-30T03:06:33.956833+00:00,45.102,0,3169.30,6.08,"{""spark.serializer"": ""org.apache.spark.serializer.KryoSerializer"", ""spark.sql.adaptive.enabled"": ""true"", ""spark.sql.adaptive.coalescePartitions.enabled"": ""true"", ""spark.sql.shuffle.partitions"": ""200"", ""spark.sql.autoBroadcastJoinThreshold"": ""-1""}",{},3.508,10.521,10.258,7.319,7.053,15.824,28.159,82.643
R1,Serializer=Java (vs Kryo),local[*],"1,2,3,4,5,6,7",2025-10-30T03:06:33.958336+00:00,2025-10-30T03:07:12.467792+00:00,37.895,0,3390.49,7.18,"{""spark.serializer"": ""org.apache.spark.serializer.JavaSerializer"", ""spark.sql.adaptive.enabled"": ""true"", ""spark.sql.adaptive.coalescePartitions.enabled"": ""true"", ""spark.sql.shuffle.partitions"": ""200"", ""spark.sql.autoBroadcastJoinThreshold"": ""10485760""}",{},3.879,10.853,6.301,4.901,6.173,12.940,22.638,67.685
G1,Whole-stage codegen OFF,local[*],"1,2,3,4,5,6,7",2025-10-30T03:07:12.471053+00:00,2025-10-30T03:07:50.335270+00:00,37.264,0,3422.40,7.23,"{""spark.serializer"": ""org.apache.spark.serializer.KryoSerializer"", ""spark.sql.adaptive.enabled"": ""true"", ""spark.sql.adaptive.coalescePartitions.enabled"": ""true"", ""spark.sql.shuffle.partitions"": ""200"", ""spark.sql.autoBroadcastJoinThreshold"": ""10485760"", ""spark.sql.codegen.wholeStage"": ""false""}",{},3.006,9.642,6.298,4.942,6.204,12.785,21.761,64.637
C1,No caching in analysis code,local[*],"1,2,3,4,5,6,7",2025-10-30T03:07:50.339087+00:00,2025-10-30T03:08:29.220466+00:00,38.294,0,3443.49,6.99,"{""spark.serializer"": ""org.apache.spark.serializer.KryoSerializer"", ""spark.sql.adaptive.enabled"": ""true"", ""spark.sql.adaptive.coalescePartitions.enabled"": ""true"", ""spark.sql.shuffle.partitions"": ""200"", ""spark.sql.autoBroadcastJoinThreshold"": ""10485760""}","{""MS4_DISABLE_CACHE"": ""1""}",4.045,10.706,6.856,5.140,5.231,12.794,22.981,67.753
X5,Scale inputs ×5 (replicate symbols),local[*],"1,2,3,4,5,6,7",2025-10-30T03:08:29.224080+00:00,2025-10-30T03:09:08.375699+00:00,38.575,0,3397.01,7.02,"{""spark.serializer"": ""org.apache.spark.serializer.KryoSerializer"", ""spark.sql.adaptive.enabled"": ""true"", ""spark.sql.adaptive.coalescePartitions.enabled"": ""true"", ""spark.sql.shuffle.partitions"": ""200"", ""spark.sql.autoBroadcastJoinThreshold"": ""10485760""}",{},1.802,5.192,3.149,2.468,2.845,6.597,11.492,33.547
X10,Scale inputs ×10 (replicate symbols),local[*],"1,2,3,4,5,6,7",2025-10-30T03:09:08.378770+00:00,2025-10-30T03:09:46.938600+00:00,38.087,0,3821.38,7.12,"{""spark.serializer"": ""org.apache.spark.serializer.KryoSerializer"", ""spark.sql.adaptive.enabled"": ""true"", ""spark.sql.adaptive.coalescePartitions.enabled"": ""true"", ""spark.sql.shuffle.partitions"": ""200"", ""spark.sql.autoBroadcastJoinThreshold"": ""10485760""}",{},1.750,4.784,3.121,2.450,3.045,6.420,11.388,32.957
B0,"Baseline: local[*], AQE ON, shuffle=200, broadcast=10MB, Kryo",local[*],"1,2,3,4,5,6,7",2025-10-30T03:32:45.073179+00:00,2025-10-30T03:33:24.576412+00:00,38.780,0,3421.25,7.05,"{""spark.serializer"": ""org.apache.spark.serializer.KryoSerializer"", ""spark.sql.adaptive.enabled"": ""true"", ""spark.sql.adaptive.coalescePartitions.enabled"": ""true"", ""spark.sql.shuffle.partitions"": ""200"", ""spark.sql.autoBroadcastJoinThreshold"": ""10485760""}",{},6.864,20.170,12.589,9.412,11.796,25.338,44.798,130.968
B0,"Baseline: local[*], AQE ON, shuffle=200, broadcast=10MB, Kryo",local[*],"1,2,3,4,5,6,7",2025-10-30T03:33:24.577886+00:00,2025-10-30T03:34:03.284742+00:00,37.978,0,3331.71,7.18,"{""spark.serializer"": ""org.apache.spark.serializer.KryoSerializer"", ""spark.sql.adaptive.enabled"": ""true"", ""spark.sql.adaptive.coalescePartitions.enabled"": ""true"", ""spark.sql.shuffle.partitions"": ""200"", ""spark.sql.autoBroadcastJoinThreshold"": ""10485760""}",{},1.703,4.979,3.168,2.419,2.912,6.300,11.368,32.848
B0,"Baseline: local[*], AQE ON, shuffle=200, broadcast=10MB, Kryo",local[*],"1,2,3,4,5,6,7",2025-10-30T03:34:03.288647+00:00,2025-10-30T03:34:43.199182+00:00,39.172,0,3380.72,6.92,"{""spark.serializer"": ""org.apache.spark.serializer.KryoSerializer"", ""spark.sql.adaptive.enabled"": ""true"", ""spark.sql.adaptive.coalescePartitions.enabled"": ""true"", ""spark.sql.shuffle.partitions"": ""200"", ""spark.sql.autoBroadcastJoinThreshold"": ""10485760""}",{},1.698,5.114,3.281,2.518,3.120,6.574,11.752,34.056
S1,Shuffle partitions ↓ : 32,local[*],"1,2,3,4,5,6,7",2025-10-30T03:34:43.200309+00:00,2025-10-30T03:35:21.258643+00:00,37.388,0,3420.41,7.23,"{""spark.serializer"": ""org.apache.spark.serializer.KryoSerializer"", ""spark.sql.adaptive.enabled"": ""true"", ""spark.sql.adaptive.coalescePartitions.enabled"": ""true"", ""spark.sql.shuffle.partitions"": ""32"", ""spark.sql.autoBroadcastJoinThreshold"": ""10485760""}",{},5.053,15.012,9.430,7.007,6.269,19.104,34.243,96.119
S1,Shuffle partitions ↓ : 32,local[*],"1,2,3,4,5,6,7",2025-10-30T03:35:21.261277+00:00,2025-10-30T03:36:01.088297+00:00,38.894,0,3371.03,7.09,"{""spark.serializer"": ""org.apache.spark.serializer.KryoSerializer"", ""spark.sql.adaptive.enabled"": ""true"", ""spark.sql.adaptive.coalescePartitions.enabled"": ""true"", ""spark.sql.shuffle.partitions"": ""32"", ""spark.sql.autoBroadcastJoinThreshold"": ""10485760""}",{},1.697,5.516,3.354,2.598,2.183,6.723,11.743,33.814
S1,Shuffle partitions ↓ : 32,local[*],"1,2,3,4,5,6,7",2025-10-30T03:36:01.090304+00:00,2025-10-30T03:36:41.545247+00:00,38.921,0,3374.31,7.10,"{""spark.serializer"": ""org.apache.spark.serializer.KryoSerializer"", ""spark.sql.adaptive.enabled"": ""true"", ""spark.sql.adaptive.coalescePartitions.enabled"": ""true"", ""spark.sql.shuffle.partitions"": ""32"", ""spark.sql.autoBroadcastJoinThreshold"": ""10485760""}",{},1.713,5.298,3.275,2.452,2.288,6.904,11.744,33.675
S2,Shuffle partitions ↑ : 800,local[*],"1,2,3,4,5,6,7",2025-10-30T03:36:41.546028+00:00,2025-10-30T03:37:25.107007+00:00,42.870,0,3468.63,6.60,"{""spark.serializer"": ""org.apache.spark.serializer.KryoSerializer"", ""spark.sql.adaptive.enabled"": ""true"", ""spark.sql.adaptive.coalescePartitions.enabled"": ""true"", ""spark.sql.shuffle.partitions"": ""800"", ""spark.sql.autoBroadcastJoinThreshold"": ""10485760""}",{},5.417,15.982,10.136,7.575,8.517,20.284,35.575,103.486
S2,Shuffle partitions ↑ : 800,local[*],"1,2,3,4,5,6,7",2025-10-30T03:37:25.110406+00:00,2025-10-30T03:38:06.503875+00:00,40.574,0,3450.63,6.80,"{""spark.serializer"": ""org.apache.spark.serializer.KryoSerializer"", ""spark.sql.adaptive.enabled"": ""true"", ""spark.sql.adaptive.coalescePartitions.enabled"": ""true"", ""spark.sql.shuffle.partitions"": ""800"", ""spark.sql.autoBroadcastJoinThreshold"": ""10485760""}",{},1.794,5.953,3.272,2.566,2.926,6.778,11.775,35.062
S2,Shuffle partitions ↑ : 800,local[*],"1,2,3,4,5,6,7",2025-10-30T03:38:06.507341+00:00,2025-10-30T03:38:47.749511+00:00,39.717,0,3482.45,6.97,"{""spark.serializer"": ""org.apache.spark.serializer.KryoSerializer"", ""spark.sql.adaptive.enabled"": ""true"", ""spark.sql.adaptive.coalescePartitions.enabled"": ""true"", ""spark.sql.shuffle.partitions"": ""800"", ""spark.sql.autoBroadcastJoinThreshold"": ""10485760""}",{},1.820,5.366,3.267,2.526,3.013,6.748,11.613,34.354
A1,AQE OFF,local[*],"1,2,3,4,5,6,7",2025-10-30T03:38:47.750389+00:00,2025-10-30T03:39:58.209891+00:00,68.912,0,4108.51,4.20,"{""spark.serializer"": ""org.apache.spark.serializer.KryoSerializer"", ""spark.sql.adaptive.enabled"": ""false"", ""spark.sql.adaptive.coalescePartitions.enabled"": ""true"", ""spark.sql.shuffle.partitions"": ""200"", ""spark.sql.autoBroadcastJoinThreshold"": ""10485760""}",{},7.511,31.692,13.320,11.036,42.779,22.402,48.298,177.038
A1,AQE OFF,local[*],"1,2,3,4,5,6,7",2025-10-30T03:39:58.213167+00:00,2025-10-30T03:41:09.813425+00:00,70.012,0,4294.88,4.11,"{""spark.serializer"": ""org.apache.spark.serializer.KryoSerializer"", ""spark.sql.adaptive.enabled"": ""false"", ""spark.sql.adaptive.coalescePartitions.enabled"": ""true"", ""spark.sql.shuffle.partitions"": ""200"", ""spark.sql.autoBroadcastJoinThreshold"": ""10485760""}",{},2.779,12.222,4.729,3.960,14.930,7.841,17.130,63.591
A1,AQE OFF,local[*],"1,2,3,4,5,6,7",2025-10-30T03:41:09.816607+00:00,2025-10-30T03:42:21.661049+00:00,70.195,0,3982.55,4.17,"{""spark.serializer"": ""org.apache.spark.serializer.KryoSerializer"", ""spark.sql.adaptive.enabled"": ""false"", ""spark.sql.adaptive.coalescePartitions.enabled"": ""true"", ""spark.sql.shuffle.partitions"": ""200"", ""spark.sql.autoBroadcastJoinThreshold"": ""10485760""}",{},2.930,12.125,4.820,3.988,14.789,8.036,17.214,63.902
J1,Broadcast join OFF,local[*],"1,2,3,4,5,6,7",2025-10-30T03:42:21.661714+00:00,2025-10-30T03:43:12.618917+00:00,49.316,0,3224.07,5.66,"{""spark.serializer"": ""org.apache.spark.serializer.KryoSerializer"", ""spark.sql.adaptive.enabled"": ""true"", ""spark.sql.adaptive.coalescePartitions.enabled"": ""true"", ""spark.sql.shuffle.partitions"": ""200"", ""spark.sql.autoBroadcastJoinThreshold"": ""-1""}",{},5.485,16.405,15.593,11.446,10.816,24.324,42.573,126.641
J1,Broadcast join OFF,local[*],"1,2,3,4,5,6,7",2025-10-30T03:43:12.621376+00:00,2025-10-30T03:44:03.226762+00:00,49.753,0,3226.73,5.62,"{""spark.serializer"": ""org.apache.spark.serializer.KryoSerializer"", ""spark.sql.adaptive.enabled"": ""true"", ""spark.sql.adaptive.coalescePartitions.enabled"": ""true"", ""spark.sql.shuffle.partitions"": ""200"", ""spark.sql.autoBroadcastJoinThreshold"": ""-1""}",{},2.047,5.904,5.355,4.050,3.727,8.344,14.662,44.088
J1,Broadcast join OFF,local[*],"1,2,3,4,5,6,7",2025-10-30T03:44:03.230229+00:00,2025-10-30T03:44:54.648902+00:00,49.770,0,3192.45,5.65,"{""spark.serializer"": ""org.apache.spark.serializer.KryoSerializer"", ""spark.sql.adaptive.enabled"": ""true"", ""spark.sql.adaptive.coalescePartitions.enabled"": ""true"", ""spark.sql.shuffle.partitions"": ""200"", ""spark.sql.autoBroadcastJoinThreshold"": ""-1""}",{},1.985,5.955,5.885,4.076,3.490,8.424,14.597,44.412
R1,Serializer=Java (vs Kryo),local[*],"1,2,3,4,5,6,7",2025-10-30T03:44:54.649989+00:00,2025-10-30T03:45:36.932393+00:00,41.394,0,3413.59,6.65,"{""spark.serializer"": ""org.apache.spark.serializer.JavaSerializer"", ""spark.sql.adaptive.enabled"": ""true"", ""spark.sql.adaptive.coalescePartitions.enabled"": ""true"", ""spark.sql.shuffle.partitions"": ""200"", ""spark.sql.autoBroadcastJoinThreshold"": ""10485760""}",{},5.696,16.592,9.752,7.476,9.657,19.971,34.594,103.738
R1,Serializer=Java (vs Kryo),local[*],"1,2,3,4,5,6,7",2025-10-30T03:45:36.935555+00:00,2025-10-30T03:46:18.610870+00:00,40.812,0,3788.94,6.82,"{""spark.serializer"": ""org.apache.spark.serializer.JavaSerializer"", ""spark.sql.adaptive.enabled"": ""true"", ""spark.sql.adaptive.coalescePartitions.enabled"": ""true"", ""spark.sql.shuffle.partitions"": ""200"", ""spark.sql.autoBroadcastJoinThreshold"": ""10485760""}",{},1.806,5.840,3.419,2.623,3.460,6.936,11.499,35.583
R1,Serializer=Java (vs Kryo),local[*],"1,2,3,4,5,6,7",2025-10-30T03:46:18.613176+00:00,2025-10-30T03:47:00.281571+00:00,40.797,0,3449.47,6.80,"{""spark.serializer"": ""org.apache.spark.serializer.JavaSerializer"", ""spark.sql.adaptive.enabled"": ""true"", ""spark.sql.adaptive.coalescePartitions.enabled"": ""true"", ""spark.sql.shuffle.partitions"": ""200"", ""spark.sql.autoBroadcastJoinThreshold"": ""10485760""}",{},1.835,5.791,3.506,2.572,3.264,6.788,11.726,35.483
G1,Whole-stage codegen OFF,local[*],"1,2,3,4,5,6,7",2025-10-30T03:47:00.282192+00:00,2025-10-30T03:47:42.617327+00:00,40.596,0,3794.45,6.92,"{""spark.serializer"": ""org.apache.spark.serializer.KryoSerializer"", ""spark.sql.adaptive.enabled"": ""true"", ""spark.sql.adaptive.coalescePartitions.enabled"": ""true"", ""spark.sql.shuffle.partitions"": ""200"", ""spark.sql.autoBroadcastJoinThreshold"": ""10485760"", ""spark.sql.codegen.wholeStage"": ""false""}",{},4.693,15.212,9.769,7.566,9.161,19.637,33.460,99.498
G1,Whole-stage codegen OFF,local[*],"1,2,3,4,5,6,7",2025-10-30T03:47:42.620847+00:00,2025-10-30T03:48:23.731975+00:00,40.242,0,3352.57,6.80,"{""spark.serializer"": ""org.apache.spark.serializer.KryoSerializer"", ""spark.sql.adaptive.enabled"": ""true"", ""spark.sql.adaptive.coalescePartitions.enabled"": ""true"", ""spark.sql.shuffle.partitions"": ""200"", ""spark.sql.autoBroadcastJoinThreshold"": ""10485760"", ""spark.sql.codegen.wholeStage"": ""false""}",{},1.581,5.342,3.283,2.641,3.172,7.129,11.674,34.822
G1,Whole-stage codegen OFF,local[*],"1,2,3,4,5,6,7",2025-10-30T03:48:23.735336+00:00,2025-10-30T03:49:05.090820+00:00,40.494,0,3404.00,6.87,"{""spark.serializer"": ""org.apache.spark.serializer.KryoSerializer"", ""spark.sql.adaptive.enabled"": ""true"", ""spark.sql.adaptive.coalescePartitions.enabled"": ""true"", ""spark.sql.shuffle.partitions"": ""200"", ""spark.sql.autoBroadcastJoinThreshold"": ""10485760"", ""spark.sql.codegen.wholeStage"": ""false""}",{},1.643,5.400,3.483,2.652,3.269,6.770,11.793,35.010
C1,No caching in analysis code,local[*],"1,2,3,4,5,6,7",2025-10-30T03:49:05.091725+00:00,2025-10-30T03:49:49.356638+00:00,42.421,0,3430.05,6.53,"{""spark.serializer"": ""org.apache.spark.serializer.KryoSerializer"", ""spark.sql.adaptive.enabled"": ""true"", ""spark.sql.adaptive.coalescePartitions.enabled"": ""true"", ""spark.sql.shuffle.partitions"": ""200"", ""spark.sql.autoBroadcastJoinThreshold"": ""10485760""}","{""MS4_DISABLE_CACHE"": ""1""}",6.436,16.859,10.396,7.889,8.238,19.900,35.059,104.776
C1,No caching in analysis code,local[*],"1,2,3,4,5,6,7",2025-10-30T03:49:49.360643+00:00,2025-10-30T03:50:32.477968+00:00,42.233,0,3329.24,6.46,"{""spark.serializer"": ""org.apache.spark.serializer.KryoSerializer"", ""spark.sql.adaptive.enabled"": ""true"", ""spark.sql.adaptive.coalescePartitions.enabled"": ""true"", ""spark.sql.shuffle.partitions"": ""200"", ""spark.sql.autoBroadcastJoinThreshold"": ""10485760""}","{""MS4_DISABLE_CACHE"": ""1""}",2.050,6.082,3.775,2.836,3.181,7.008,11.974,36.906
C1,No caching in analysis code,local[*],"1,2,3,4,5,6,7",2025-10-30T03:50:32.482670+00:00,2025-10-30T03:51:15.485400+00:00,42.115,0,3414.11,6.62,"{""spark.serializer"": ""org.apache.spark.serializer.KryoSerializer"", ""spark.sql.adaptive.enabled"": ""true"", ""spark.sql.adaptive.coalescePartitions.enabled"": ""true"", ""spark.sql.shuffle.partitions"": ""200"", ""spark.sql.autoBroadcastJoinThreshold"": ""10485760""}","{""MS4_DISABLE_CACHE"": ""1""}",2.126,6.169,3.605,2.780,3.217,7.064,11.906,36.867
B0,"Baseline: local[*], AQE ON, shuffle=200, broadcast=10MB, Kryo",local[*],"1,2,3,4,5,6,7",2025-10-30T03:55:07.396477+00:00,2025-10-30T03:55:47.288744+00:00,39.002,0,3482.91,7.10,"{""spark.serializer"": ""org.apache.spark.serializer.KryoSerializer"", ""spark.sql.adaptive.enabled"": ""true"", ""spark.sql.adaptive.coalescePartitions.enabled"": ""true"", ""spark.sql.shuffle.partitions"": ""200"", ""spark.sql.autoBroadcastJoinThreshold"": ""10485760""}",{},8.645,25.253,15.719,11.921,14.915,31.913,56.353,164.719
B0,"Baseline: local[*], AQE ON, shuffle=200, broadcast=10MB, Kryo",local[*],"1,2,3,4,5,6,7",2025-10-30T03:55:47.289935+00:00,2025-10-30T03:56:29.004709+00:00,39.952,0,3362.52,6.70,"{""spark.serializer"": ""org.apache.spark.serializer.KryoSerializer"", ""spark.sql.adaptive.enabled"": ""true"", ""spark.sql.adaptive.coalescePartitions.enabled"": ""true"", ""spark.sql.shuffle.partitions"": ""200"", ""spark.sql.autoBroadcastJoinThreshold"": ""10485760""}",{},3.481,10.448,6.520,4.903,6.322,12.907,22.942,67.523
B0,"Baseline: local[*], AQE ON, shuffle=200, broadcast=10MB, Kryo",local[*],"1,2,3,4,5,6,7",2025-10-30T03:56:29.005918+00:00,2025-10-30T03:57:09.527533+00:00,39.620,0,3785.65,6.92,"{""spark.serializer"": ""org.apache.spark.serializer.KryoSerializer"", ""spark.sql.adaptive.enabled"": ""true"", ""spark.sql.adaptive.coalescePartitions.enabled"": ""true"", ""spark.sql.shuffle.partitions"": ""200"", ""spark.sql.autoBroadcastJoinThreshold"": ""10485760""}",{},3.465,10.571,6.622,5.053,6.430,13.167,23.098,68.406
S1,Shuffle partitions ↓ : 32,local[*],"1,2,3,4,5,6,7",2025-10-30T03:57:09.528145+00:00,2025-10-30T03:57:49.894183+00:00,39.482,0,3386.04,7.00,"{""spark.serializer"": ""org.apache.spark.serializer.KryoSerializer"", ""spark.sql.adaptive.enabled"": ""true"", ""spark.sql.adaptive.coalescePartitions.enabled"": ""true"", ""spark.sql.shuffle.partitions"": ""32"", ""spark.sql.autoBroadcastJoinThreshold"": ""10485760""}",{},6.780,20.558,12.817,9.551,8.534,26.010,46.002,130.251
S1,Shuffle partitions ↓ : 32,local[*],"1,2,3,4,5,6,7",2025-10-30T03:57:49.894871+00:00,2025-10-30T03:58:32.515367+00:00,41.728,0,3408.63,6.73,"{""spark.serializer"": ""org.apache.spark.serializer.KryoSerializer"", ""spark.sql.adaptive.enabled"": ""true"", ""spark.sql.adaptive.coalescePartitions.enabled"": ""true"", ""spark.sql.shuffle.partitions"": ""32"", ""spark.sql.autoBroadcastJoinThreshold"": ""10485760""}",{},3.589,11.388,6.950,5.097,4.589,14.042,24.617,70.271
S1,Shuffle partitions ↓ : 32,local[*],"1,2,3,4,5,6,7",2025-10-30T03:58:32.516133+00:00,2025-10-30T03:59:15.704866+00:00,41.404,0,3468.80,6.78,"{""spark.serializer"": ""org.apache.spark.serializer.KryoSerializer"", ""spark.sql.adaptive.enabled"": ""true"", ""spark.sql.adaptive.coalescePartitions.enabled"": ""true"", ""spark.sql.shuffle.partitions"": ""32"", ""spark.sql.autoBroadcastJoinThreshold"": ""10485760""}",{},4.080,11.346,6.916,5.151,4.676,13.874,23.487,69.530
S2,Shuffle partitions ↑ : 800,local[*],"1,2,3,4,5,6,7",2025-10-30T03:59:15.705581+00:00,2025-10-30T03:59:58.929129+00:00,42.328,0,3276.43,6.55,"{""spark.serializer"": ""org.apache.spark.serializer.KryoSerializer"", ""spark.sql.adaptive.enabled"": ""true"", ""spark.sql.adaptive.coalescePartitions.enabled"": ""true"", ""spark.sql.shuffle.partitions"": ""800"", ""spark.sql.autoBroadcastJoinThreshold"": ""10485760""}",{},7.645,22.029,13.849,10.269,11.617,27.331,47.313,140.053
S2,Shuffle partitions ↑ : 800,local[*],"1,2,3,4,5,6,7",2025-10-30T03:59:58.929998+00:00,2025-10-30T04:00:43.168305+00:00,43.339,0,3426.50,6.50,"{""spark.serializer"": ""org.apache.spark.serializer.KryoSerializer"", ""spark.sql.adaptive.enabled"": ""true"", ""spark.sql.adaptive.coalescePartitions.enabled"": ""true"", ""spark.sql.shuffle.partitions"": ""800"", ""spark.sql.autoBroadcastJoinThreshold"": ""10485760""}",{},3.804,12.412,6.927,5.357,6.197,14.104,24.042,72.844
S2,Shuffle partitions ↑ : 800,local[*],"1,2,3,4,5,6,7",2025-10-30T04:00:43.169381+00:00,2025-10-30T04:01:25.959638+00:00,40.994,0,3283.67,7.16,"{""spark.serializer"": ""org.apache.spark.serializer.KryoSerializer"", ""spark.sql.adaptive.enabled"": ""true"", ""spark.sql.adaptive.coalescePartitions.enabled"": ""true"", ""spark.sql.shuffle.partitions"": ""800"", ""spark.sql.autoBroadcastJoinThreshold"": ""10485760""}",{},3.789,11.113,6.590,5.027,5.929,13.618,23.428,69.493
A1,AQE OFF,local[*],"1,2,3,4,5,6,7",2025-10-30T04:01:25.960978+00:00,2025-10-30T04:02:36.699011+00:00,68.977,0,4028.10,4.16,"{""spark.serializer"": ""org.apache.spark.serializer.KryoSerializer"", ""spark.sql.adaptive.enabled"": ""false"", ""spark.sql.adaptive.coalescePartitions.enabled"": ""true"", ""spark.sql.shuffle.partitions"": ""200"", ""spark.sql.autoBroadcastJoinThreshold"": ""10485760""}",{},10.219,43.562,17.989,15.053,57.467,30.294,65.278,239.863
A1,AQE OFF,local[*],"1,2,3,4,5,6,7",2025-10-30T04:02:36.700775+00:00,2025-10-30T04:03:48.106159+00:00,69.620,0,4219.11,4.13,"{""spark.serializer"": ""org.apache.spark.serializer.KryoSerializer"", ""spark.sql.adaptive.enabled"": ""false"", ""spark.sql.adaptive.coalescePartitions.enabled"": ""true"", ""spark.sql.shuffle.partitions"": ""200"", ""spark.sql.autoBroadcastJoinThreshold"": ""10485760""}",{},5.625,24.265,9.526,7.807,30.225,15.767,33.687,126.901
A1,AQE OFF,local[*],"1,2,3,4,5,6,7",2025-10-30T04:03:48.106929+00:00,2025-10-30T04:04:59.581086+00:00,69.716,0,4049.16,4.08,"{""spark.serializer"": ""org.apache.spark.serializer.KryoSerializer"", ""spark.sql.adaptive.enabled"": ""false"", ""spark.sql.adaptive.coalescePartitions.enabled"": ""true"", ""spark.sql.shuffle.partitions"": ""200"", ""spark.sql.autoBroadcastJoinThreshold"": ""10485760""}",{},5.745,23.963,9.690,8.204,29.516,16.278,34.034,127.430
J1,Broadcast join OFF,local[*],"1,2,3,4,5,6,7",2025-10-30T04:04:59.581758+00:00,2025-10-30T04:05:51.719221+00:00,50.346,0,3253.39,5.51,"{""spark.serializer"": ""org.apache.spark.serializer.KryoSerializer"", ""spark.sql.adaptive.enabled"": ""true"", ""spark.sql.adaptive.coalescePartitions.enabled"": ""true"", ""spark.sql.shuffle.partitions"": ""200"", ""spark.sql.autoBroadcastJoinThreshold"": ""-1""}",{},7.475,22.522,21.155,15.923,14.454,33.035,57.121,171.685
J1,Broadcast join OFF,local[*],"1,2,3,4,5,6,7",2025-10-30T04:05:51.723163+00:00,2025-10-30T04:06:41.383630+00:00,48.755,0,3188.21,5.71,"{""spark.serializer"": ""org.apache.spark.serializer.KryoSerializer"", ""spark.sql.adaptive.enabled"": ""true"", ""spark.sql.adaptive.coalescePartitions.enabled"": ""true"", ""spark.sql.shuffle.partitions"": ""200"", ""spark.sql.autoBroadcastJoinThreshold"": ""-1""}",{},3.970,11.810,10.326,7.591,7.198,17.386,29.164,87.446
J1,Broadcast join OFF,local[*],"1,2,3,4,5,6,7",2025-10-30T04:06:41.384354+00:00,2025-10-30T04:07:33.083022+00:00,49.769,0,3164.68,5.60,"{""spark.serializer"": ""org.apache.spark.serializer.KryoSerializer"", ""spark.sql.adaptive.enabled"": ""true"", ""spark.sql.adaptive.coalescePartitions.enabled"": ""true"", ""spark.sql.shuffle.partitions"": ""200"", ""spark.sql.autoBroadcastJoinThreshold"": ""-1""}",{},3.967,11.828,11.232,7.884,7.249,16.977,29.799,88.936
R1,Serializer=Java (vs Kryo),local[*],"1,2,3,4,5,6,7",2025-10-30T04:07:33.083755+00:00,2025-10-30T04:08:15.574991+00:00,41.516,0,3496.30,6.69,"{""spark.serializer"": ""org.apache.spark.serializer.JavaSerializer"", ""spark.sql.adaptive.enabled"": ""true"", ""spark.sql.adaptive.coalescePartitions.enabled"": ""true"", ""spark.sql.shuffle.partitions"": ""200"", ""spark.sql.autoBroadcastJoinThreshold"": ""10485760""}",{},7.621,22.373,13.181,10.153,13.101,26.951,46.611,139.991
R1,Serializer=Java (vs Kryo),local[*],"1,2,3,4,5,6,7",2025-10-30T04:08:15.575770+00:00,2025-10-30T04:08:58.010801+00:00,41.475,0,3457.05,6.64,"{""spark.serializer"": ""org.apache.spark.serializer.JavaSerializer"", ""spark.sql.adaptive.enabled"": ""true"", ""spark.sql.adaptive.coalescePartitions.enabled"": ""true"", ""spark.sql.shuffle.partitions"": ""200"", ""spark.sql.autoBroadcastJoinThreshold"": ""10485760""}",{},3.778,11.600,6.880,5.330,6.991,13.992,23.272,71.842
R1,Serializer=Java (vs Kryo),local[*],"1,2,3,4,5,6,7",2025-10-30T04:08:58.012055+00:00,2025-10-30T04:09:40.385431+00:00,41.454,0,3427.88,6.64,"{""spark.serializer"": ""org.apache.spark.serializer.JavaSerializer"", ""spark.sql.adaptive.enabled"": ""true"", ""spark.sql.adaptive.coalescePartitions.enabled"": ""true"", ""spark.sql.shuffle.partitions"": ""200"", ""spark.sql.autoBroadcastJoinThreshold"": ""10485760""}",{},3.882,11.587,7.007,5.263,6.712,13.691,23.525,71.668
G1,Whole-stage codegen OFF,local[*],"1,2,3,4,5,6,7",2025-10-30T04:09:40.386097+00:00,2025-10-30T04:10:22.676411+00:00,40.461,0,3360.20,6.87,"{""spark.serializer"": ""org.apache.spark.serializer.KryoSerializer"", ""spark.sql.adaptive.enabled"": ""true"", ""spark.sql.adaptive.coalescePartitions.enabled"": ""true"", ""spark.sql.shuffle.partitions"": ""200"", ""spark.sql.autoBroadcastJoinThreshold"": ""10485760"", ""spark.sql.codegen.wholeStage"": ""false""}",{},6.468,20.600,13.226,10.171,12.292,26.472,45.177,134.406
G1,Whole-stage codegen OFF,local[*],"1,2,3,4,5,6,7",2025-10-30T04:10:22.677368+00:00,2025-10-30T04:11:03.772842+00:00,40.212,0,3402.34,6.92,"{""spark.serializer"": ""org.apache.spark.serializer.KryoSerializer"", ""spark.sql.adaptive.enabled"": ""true"", ""spark.sql.adaptive.coalescePartitions.enabled"": ""true"", ""spark.sql.shuffle.partitions"": ""200"", ""spark.sql.autoBroadcastJoinThreshold"": ""10485760"", ""spark.sql.codegen.wholeStage"": ""false""}",{},3.333,10.769,6.711,5.219,6.026,14.066,23.213,69.337
G1,Whole-stage codegen OFF,local[*],"1,2,3,4,5,6,7",2025-10-30T04:11:03.773634+00:00,2025-10-30T04:11:45.216829+00:00,40.559,0,3439.89,6.90,"{""spark.serializer"": ""org.apache.spark.serializer.KryoSerializer"", ""spark.sql.adaptive.enabled"": ""true"", ""spark.sql.adaptive.coalescePartitions.enabled"": ""true"", ""spark.sql.shuffle.partitions"": ""200"", ""spark.sql.autoBroadcastJoinThreshold"": ""10485760"", ""spark.sql.codegen.wholeStage"": ""false""}",{},3.381,10.866,6.892,5.376,6.573,13.604,23.254,69.948
C1,No caching in analysis code,local[*],"1,2,3,4,5,6,7",2025-10-30T04:11:45.217544+00:00,2025-10-30T04:12:29.255774+00:00,42.313,0,3366.42,6.48,"{""spark.serializer"": ""org.apache.spark.serializer.KryoSerializer"", ""spark.sql.adaptive.enabled"": ""true"", ""spark.sql.adaptive.coalescePartitions.enabled"": ""true"", ""spark.sql.shuffle.partitions"": ""200"", ""spark.sql.autoBroadcastJoinThreshold"": ""10485760""}","{""MS4_DISABLE_CACHE"": ""1""}",8.778,23.094,13.947,10.538,11.451,26.973,47.073,141.854
C1,No caching in analysis code,local[*],"1,2,3,4,5,6,7",2025-10-30T04:12:29.256616+00:00,2025-10-30T04:13:12.261069+00:00,42.124,0,3380.26,6.60,"{""spark.serializer"": ""org.apache.spark.serializer.KryoSerializer"", ""spark.sql.adaptive.enabled"": ""true"", ""spark.sql.adaptive.coalescePartitions.enabled"": ""true"", ""spark.sql.shuffle.partitions"": ""200"", ""spark.sql.autoBroadcastJoinThreshold"": ""10485760""}","{""MS4_DISABLE_CACHE"": ""1""}",4.287,12.121,7.376,5.553,6.336,14.253,23.966,73.892
C1,No caching in analysis code,local[*],"1,2,3,4,5,6,7",2025-10-30T04:13:12.262215+00:00,2025-10-30T04:13:54.970506+00:00,41.961,0,3399.22,6.69,"{""spark.serializer"": ""org.apache.spark.serializer.KryoSerializer"", ""spark.sql.adaptive.enabled"": ""true"", ""spark.sql.adaptive.coalescePartitions.enabled"": ""true"", ""spark.sql.shuffle.partitions"": ""200"", ""spark.sql.autoBroadcastJoinThreshold"": ""10485760""}","{""MS4_DISABLE_CACHE"": ""1""}",4.317,12.271,7.271,5.520,6.321,14.139,23.815,73.655
X5,Scale inputs ×5 (replicate symbols),local[*],"1,2,3,4,5,6,7",2025-10-30T04:13:55.111235+00:00,2025-10-30T04:14:54.859670+00:00,58.224,0,3316.37,4.78,"{""spark.serializer"": ""org.apache.spark.serializer.KryoSerializer"", ""spark.sql.adaptive.enabled"": ""true"", ""spark.sql.adaptive.coalescePartitions.enabled"": ""true"", ""spark.sql.shuffle.partitions"": ""200"", ""spark.sql.autoBroadcastJoinThreshold"": ""10485760""}",{},3.932,13.270,8.523,6.739,6.189,19.113,28.496,86.263
X5,Scale inputs ×5 (replicate symbols),local[*],"1,2,3,4,5,6,7",2025-10-30T04:14:54.863318+00:00,2025-10-30T04:15:54.491312+00:00,58.100,0,3336.46,4.86,"{""spark.serializer"": ""org.apache.spark.serializer.KryoSerializer"", ""spark.sql.adaptive.enabled"": ""true"", ""spark.sql.adaptive.coalescePartitions.enabled"": ""true"", ""spark.sql.shuffle.partitions"": ""200"", ""spark.sql.autoBroadcastJoinThreshold"": ""10485760""}",{},2.179,7.983,5.329,4.230,3.291,12.602,16.971,52.586
X5,Scale inputs ×5 (replicate symbols),local[*],"1,2,3,4,5,6,7",2025-10-30T04:15:54.492158+00:00,2025-10-30T04:16:54.509158+00:00,58.454,0,3344.73,4.76,"{""spark.serializer"": ""org.apache.spark.serializer.KryoSerializer"", ""spark.sql.adaptive.enabled"": ""true"", ""spark.sql.adaptive.coalescePartitions.enabled"": ""true"", ""spark.sql.shuffle.partitions"": ""200"", ""spark.sql.autoBroadcastJoinThreshold"": ""10485760""}",{},2.067,8.182,5.394,4.229,3.280,12.733,17.137,53.022
X10,Scale inputs ×10 (replicate symbols),local[*],"1,2,3,4,5,6,7",2025-10-30T04:16:54.723669+00:00,2025-10-30T04:18:15.449875+00:00,79.105,0,3604.15,3.54,"{""spark.serializer"": ""org.apache.spark.serializer.KryoSerializer"", ""spark.sql.adaptive.enabled"": ""true"", ""spark.sql.adaptive.coalescePartitions.enabled"": ""true"", ""spark.sql.shuffle.partitions"": ""200"", ""spark.sql.autoBroadcastJoinThreshold"": ""10485760""}",{},3.829,14.319,10.895,8.738,7.614,25.625,35.532,106.551
X10,Scale inputs ×10 (replicate symbols),local[*],"1,2,3,4,5,6,7",2025-10-30T04:18:15.452032+00:00,2025-10-30T04:19:36.094760+00:00,79.089,0,3557.60,3.57,"{""spark.serializer"": ""org.apache.spark.serializer.KryoSerializer"", ""spark.sql.adaptive.enabled"": ""true"", ""spark.sql.adaptive.coalescePartitions.enabled"": ""true"", ""spark.sql.shuffle.partitions"": ""200"", ""spark.sql.autoBroadcastJoinThreshold"": ""10485760""}",{},2.123,9.634,7.757,6.196,4.387,19.346,24.163,73.607
X10,Scale inputs ×10 (replicate symbols),local[*],"1,2,3,4,5,6,7",2025-10-30T04:19:36.096096+00:00,2025-10-30T04:20:57.548364+00:00,79.073,0,3555.78,3.58,"{""spark.serializer"": ""org.apache.spark.serializer.KryoSerializer"", ""spark.sql.adaptive.enabled"": ""true"", ""spark.sql.adaptive.coalescePartitions.enabled"": ""true"", ""spark.sql.shuffle.partitions"": ""200"", ""spark.sql.autoBroadcastJoinThreshold"": ""10485760""}",{},2.091,9.537,7.720,6.161,4.645,18.976,24.432,73.561
